Time,SOLUSDT,ETHUSDT,BNTUSDT,WBTCUSDT,XRPUSDT,BTCUSDT,YFIUSDT,RAYUSDT,GLMUSDT,VTHOUSDT
1758373200000.0,237.44,4468.15,0.7198,115932.03,2.9835,115915.8,5320.0,3.14,0.2396,0.001813
1758376800000.0,238.77,4487.18,0.7248,115985.7,2.9812,115970.36,5360.0,3.17,0.2411,0.001825
1758380400000.0,240.1,4498.2,0.727,116013.17,2.9893,115986.69,5385.0,3.182,0.2416,0.001826
1758384000000.0,240.39,4502.57,0.7274,116067.16,2.9915,116027.94,5387.0,3.171,0.2413,0.001826
1758387600000.0,239.14,4486.09,0.7245,115845.04,2.9824,115821.72,5367.0,3.156,0.241,0.001819
1758391200000.0,238.41,4475.22,0.7216,115723.2,2.9746,115711.51,5345.0,3.138,0.2402,0.001815
1758394800000.0,238.64,4480.18,0.7226,115695.33,2.9744,115702.0,5345.0,3.138,0.2405,0.001815
1758398400000.0,239.73,4484.69,0.7245,115717.47,2.9709,115721.1,5365.0,3.155,0.2408,0.001818
1758402000000.0,239.8,4490.48,0.7198,115767.84,2.9805,115786.31,5365.0,3.155,0.241,0.001819
1758405600000.0,240.11,4493.74,0.7187,115788.08,2.9821,115776.06,5366.0,3.163,0.241,0.001819
1758409200000.0,239.48,4480.42,0.7178,115709.49,2.975,115685.63,5367.0,3.152,0.2403,0.001814
1758412800000.0,240.68,4486.94,0.7191,115673.27,2.9888,115660.01,5366.0,3.168,0.2407,0.001817
1758416400000.0,240.12,4481.26,0.7152,115489.41,2.9798,115500.0,5362.0,3.15,0.2401,0.001811
1758420000000.0,241.12,4478.57,0.7171,115697.05,2.9902,115690.76,5370.0,3.166,0.2409,0.001818
1758423600000.0,241.78,4478.26,0.7164,115675.7,2.9976,115669.41,5372.0,3.172,0.2406,0.00182
1758427200000.0,240.51,4471.66,0.7136,115515.93,3.0068,115494.23,5364.0,3.16,0.2402,0.001816
1758430800000.0,240.39,4477.38,0.7176,115640.83,3.0058,115663.48,5378.0,3.179,0.2412,0.001823
1758434400000.0,240.31,4484.6,0.7187,115695.46,3.0001,115687.2,5388.0,3.178,0.2408,0.001821
1758438000000.0,239.87,4477.78,0.7189,115801.84,2.997,115815.97,5381.0,3.178,0.2408,0.001823
1758441600000.0,238.84,4469.49,0.7145,115627.87,2.9909,115629.6,5356.0,3.168,0.2399,0.001817
1758445200000.0,238.48,4465.95,0.7094,115669.85,2.9789,115683.54,5332.0,3.15,0.2384,0.001808
1758448800000.0,238.38,4458.8,0.7072,115527.95,2.9681,115522.31,5316.0,3.131,0.2381,0.001799
1758452400000.0,238.64,4460.57,0.7073,115567.5,2.9751,115603.45,5320.0,3.137,0.2388,0.001802
1758456000000.0,239.5,4467.6,0.7091,115683.79,2.9791,115683.59,5322.0,3.163,0.2394,0.001806
1758459600000.0,239.52,4475.88,0.7094,115660.08,2.9863,115661.65,5328.0,3.164,0.2403,0.001817
1758463200000.0,238.58,4472.73,0.7084,115457.19,2.9764,115500.01,5312.0,3.147,0.2395,0.00181
1758466800000.0,237.91,4482.8,0.7076,115497.09,2.9798,115531.61,5311.0,3.127,0.2392,0.001808
1758470400000.0,237.04,4476.83,0.7043,115303.85,2.9649,115316.0,5307.0,3.048,0.238,0.001801
1758474000000.0,237.82,4491.15,0.707,115583.93,2.9738,115628.18,5338.0,3.077,0.2382,0.001806
1758477600000.0,238.12,4497.0,0.7077,115503.61,2.9854,115530.9,5338.0,3.096,0.2388,0.001808
1758481200000.0,237.99,4494.4,0.7046,115453.73,2.9818,115480.05,5325.0,3.08,0.238,0.001807
1758484800000.0,237.64,4475.26,0.7027,115282.26,2.9753,115307.51,5314.0,3.067,0.238,0.001801
1758488400000.0,237.28,4471.52,0.703,115360.76,2.9746,115405.48,5323.0,3.057,0.2381,0.001802
1758492000000.0,237.92,4465.3,0.7026,115484.88,2.9906,115538.9,5314.0,3.07,0.2386,0.001804
1758495600000.0,236.16,4444.97,0.6983,115167.49,2.9701,115232.29,5301.0,3.014,0.2371,0.001796
1758499200000.0,232.27,4336.27,0.6858,114368.77,2.9165,114407.28,5205.0,2.917,0.2328,0.001761
1758502800000.0,233.19,4328.22,0.6851,114249.76,2.9175,114273.45,5213.0,2.938,0.2328,0.001765
1758506400000.0,231.69,4288.13,0.6783,114140.77,2.8979,114187.81,5181.0,2.91,0.2298,0.00174
1758510000000.0,232.81,4305.87,0.6833,114581.51,2.9038,114649.89,5198.0,2.924,0.2305,0.001748
1758513600000.0,231.74,4290.45,0.6819,114386.1,2.8944,114433.53,5200.0,2.931,0.231,0.001748
1758517200000.0,224.99,4219.39,0.6704,113615.53,2.847,113691.19,5143.0,2.854,0.2269,0.001718
1758520800000.0,224.44,4192.12,0.6648,112864.48,2.824,112800.77,5104.0,2.801,0.2245,0.001696
1758524400000.0,221.88,4193.38,0.6596,112517.33,2.806,112519.99,5081.0,2.771,0.2225,0.001676
1758528000000.0,221.5,4194.67,0.659,112663.96,2.8128,112629.07,5080.0,2.765,0.2228,0.00168
1758531600000.0,220.48,4150.99,0.6549,112345.74,2.8007,112336.62,5045.0,2.72,0.2208,0.001661
1758535200000.0,222.41,4182.78,0.6619,112811.97,2.8161,112792.16,5086.0,2.757,0.2227,0.00168
1758538800000.0,221.49,4181.62,0.6662,112875.19,2.8162,112876.97,5058.0,2.742,0.222,0.001674
1758542400000.0,222.9,4192.43,0.6666,112769.79,2.8454,112738.65,5092.0,2.766,0.2226,0.001676
1758546000000.0,223.74,4207.1,0.6662,113141.72,2.8572,113130.63,5111.0,2.79,0.2236,0.001695
1758549600000.0,221.38,4190.01,0.6638,112977.48,2.8605,112933.16,5078.0,2.761,0.2221,0.001681
1758553200000.0,220.73,4167.88,0.6603,112812.65,2.8602,112815.5,5074.0,2.746,0.2212,0.001674
1758556800000.0,219.71,4164.72,0.6588,112607.14,2.8454,112600.68,5054.0,2.738,0.2206,0.001669
1758560400000.0,221.08,4165.05,0.6627,112351.6,2.8572,112398.66,5065.0,2.758,0.22,0.001673
1758564000000.0,219.45,4155.32,0.6617,112494.13,2.8335,112429.13,5054.0,2.739,0.2196,0.001672
1758567600000.0,217.1,4134.98,0.6585,112135.99,2.8345,112122.9,5023.0,2.719,0.2181,0.001659
1758571200000.0,219.44,4181.81,0.6654,112789.92,2.8406,112781.88,5047.0,2.752,0.2205,0.001677
1758574800000.0,220.89,4198.18,0.6712,112995.4,2.8554,112969.99,5082.0,2.754,0.2216,0.001681
1758578400000.0,219.83,4190.74,0.6684,112648.76,2.8461,112643.25,5077.0,2.749,0.2218,0.001677
1758582000000.0,220.38,4199.08,0.6727,112653.06,2.8526,112650.99,5090.0,2.754,0.2222,0.00168
1758585600000.0,219.7,4191.39,0.6697,112408.91,2.851,112395.32,5078.0,2.755,0.2213,0.001672
1758589200000.0,216.6,4163.71,0.6658,112180.31,2.8227,112156.66,5048.0,2.712,0.2195,0.001657
1758592800000.0,214.1,4144.21,0.6617,111854.05,2.8092,111811.88,5028.0,2.687,0.2193,0.001647
1758596400000.0,216.94,4188.01,0.6704,112303.38,2.8596,112339.99,5086.0,2.741,0.2227,0.001661
1758600000000.0,215.78,4177.02,0.6672,112449.14,2.8561,112442.3,5083.0,2.727,0.2221,0.001656
1758603600000.0,216.96,4183.34,0.667,112686.91,2.8655,112665.44,5100.0,2.74,0.2232,0.00166
1758607200000.0,219.23,4205.56,0.6716,112974.76,2.8728,112974.96,5150.0,2.794,0.226,0.001673
1758610800000.0,219.0,4205.24,0.6695,113092.97,2.8646,113090.13,5162.0,2.796,0.2257,0.001671
1758614400000.0,220.07,4208.87,0.672,113151.26,2.8661,113133.84,5159.0,2.819,0.2264,0.001675
1758618000000.0,218.67,4192.55,0.6695,112938.0,2.8579,112934.47,5135.0,2.804,0.2257,0.001672
1758621600000.0,219.08,4193.06,0.671,112970.4,2.8642,112969.32,5146.0,2.816,0.2266,0.001678
1758625200000.0,219.34,4192.08,0.67,112989.75,2.8584,112975.99,5146.0,2.797,0.2263,0.001674
1758628800000.0,219.89,4195.79,0.6715,112957.38,2.865,112941.02,5137.0,2.815,0.2265,0.001676
1758632400000.0,219.04,4187.62,0.6704,112943.95,2.8595,112952.31,5138.0,2.807,0.2262,0.001678
1758636000000.0,217.7,4174.55,0.6695,112661.06,2.864,112652.91,5133.0,2.784,0.2264,0.001672
1758639600000.0,219.28,4181.01,0.6718,112861.4,2.8766,112882.19,5156.0,2.803,0.2274,0.00168
1758643200000.0,220.43,4192.52,0.6747,112843.87,2.8863,112823.63,5184.0,2.825,0.2286,0.001691
1758646800000.0,216.73,4149.0,0.6656,111968.35,2.8487,111957.76,5129.0,2.776,0.2251,0.001673
1758650400000.0,215.76,4157.16,0.6638,111783.9,2.8457,111780.1,5113.0,2.754,0.2247,0.001669
1758654000000.0,214.52,4153.43,0.6637,111660.66,2.8532,111655.29,5098.0,2.736,0.2249,0.001667
1758657600000.0,215.27,4175.6,0.6667,111974.03,2.8551,111985.77,5145.0,2.758,0.2255,0.001676
1758661200000.0,215.84,4183.66,0.6703,112166.8,2.8483,112161.54,5153.0,2.768,0.2272,0.001684
1758664800000.0,215.29,4181.93,0.6677,112147.35,2.8354,112159.23,5150.0,2.735,0.2258,0.001679
1758668400000.0,213.3,4164.26,0.6656,111975.46,2.8247,111998.8,5151.0,2.733,0.2256,0.001675
1758672000000.0,213.45,4174.45,0.6679,112219.68,2.8282,112230.72,5185.0,2.746,0.2262,0.001678
1758675600000.0,216.2,4189.71,0.6728,112460.66,2.8411,112451.26,5221.0,2.784,0.2275,0.001686
1758679200000.0,214.29,4169.68,0.6687,112135.14,2.829,112111.62,5197.0,2.761,0.2266,0.00168
1758682800000.0,208.51,4147.51,0.6615,111714.23,2.814,111683.09,5143.0,2.714,0.2238,0.00166
1758686400000.0,208.04,4141.21,0.6635,112169.38,2.8402,112161.93,5157.0,2.728,0.224,0.001662
1758690000000.0,209.74,4172.49,0.6712,112615.86,2.8572,112636.84,5198.0,2.76,0.2263,0.001675
1758693600000.0,210.96,4181.21,0.6709,112629.57,2.8559,112596.69,5192.0,2.754,0.2264,0.001673
1758697200000.0,210.63,4175.08,0.6723,112609.37,2.8736,112583.54,5173.0,2.753,0.2259,0.001673
1758700800000.0,210.88,4175.2,0.6696,112603.38,2.8746,112622.8,5189.0,2.764,0.2264,0.001672
1758704400000.0,210.98,4183.0,0.6731,112727.49,2.8733,112735.06,5189.0,2.773,0.2265,0.001681
1758708000000.0,210.9,4178.43,0.6733,112914.17,2.8726,112941.98,5196.0,2.775,0.2265,0.001679
1758711600000.0,212.35,4182.08,0.6751,112998.49,2.8804,113029.46,5199.0,2.787,0.2272,0.001682
1758715200000.0,211.95,4180.18,0.6742,113069.41,2.8767,113070.69,5207.0,2.789,0.227,0.001683
1758718800000.0,211.62,4150.29,0.6706,112790.02,2.8766,112823.62,5174.0,2.777,0.2258,0.001675
1758722400000.0,215.61,4193.59,0.6753,113652.67,2.9197,113720.64,5231.0,2.819,0.228,0.001693
1758726000000.0,213.61,4166.18,0.6704,113314.53,2.9404,113346.41,5193.0,2.794,0.2268,0.001688
1758729600000.0,213.87,4173.57,0.6727,113715.3,2.9462,113732.01,5202.0,2.801,0.2273,0.001692
1758733200000.0,215.17,4183.86,0.6733,113766.27,2.944,113761.3,5208.0,2.805,0.2276,0.001694
1758736800000.0,213.92,4173.09,0.6715,113619.35,2.9513,113639.8,5207.0,2.79,0.2268,0.00169
1758740400000.0,213.18,4161.5,0.6708,113380.48,2.9773,113420.01,5209.0,2.788,0.2268,0.001686
1758744000000.0,212.11,4165.69,0.6709,113545.21,2.9685,113501.52,5224.0,2.78,0.2266,0.001687
1758747600000.0,211.28,4145.54,0.664,113321.47,2.9439,113339.63,5192.0,2.757,0.2249,0.001678
1758751200000.0,211.74,4154.62,0.6662,113328.78,2.942,113336.33,5204.0,2.772,0.2251,0.001678
1758754800000.0,211.6,4152.81,0.6642,113284.59,2.9257,113307.0,5196.0,2.774,0.2251,0.001676
1758758400000.0,210.73,4129.23,0.6645,113053.73,2.9142,113062.35,5150.0,2.753,0.2239,0.001668
1758762000000.0,208.22,4102.17,0.6612,112658.98,2.896,112661.24,5126.0,2.736,0.223,0.001654
1758765600000.0,210.06,4102.22,0.665,112883.97,2.9047,112907.38,5136.0,2.758,0.2237,0.001659
1758769200000.0,207.3,4062.78,0.6595,112591.52,2.873,112546.21,5111.0,2.743,0.2258,0.001649
1758772800000.0,204.36,4002.88,0.6507,111784.51,2.845,111735.66,5051.0,2.69,0.2204,0.001628
1758776400000.0,205.45,4025.69,0.6544,111766.8,2.8653,111749.91,5072.0,2.708,0.2218,0.001639
1758780000000.0,203.64,3997.75,0.6477,111522.33,2.8459,111533.26,5040.0,2.672,0.2204,0.001625
1758783600000.0,204.19,4009.18,0.6493,111758.79,2.8424,111766.72,5045.0,2.679,0.2204,0.001626
1758787200000.0,204.32,4015.4,0.6482,111771.15,2.8319,111727.21,5059.0,2.68,0.2206,0.001627
1758790800000.0,202.25,4025.17,0.6476,111581.27,2.8276,111571.58,5063.0,2.661,0.2204,0.001626
1758794400000.0,202.0,4013.75,0.6477,111639.93,2.8177,111648.19,5056.0,2.651,0.2208,0.001624
1758798000000.0,201.35,4002.51,0.6441,111366.02,2.8154,111348.0,5050.0,2.622,0.2184,0.001615
1758801600000.0,198.59,3978.51,0.645,111154.69,2.8278,111111.0,5066.0,2.615,0.2183,0.001614
1758805200000.0,200.79,3970.57,0.6447,111002.45,2.8267,111000.0,5064.0,2.619,0.2176,0.001622
1758808800000.0,202.65,4014.17,0.6488,111541.58,2.8387,111540.0,5090.0,2.659,0.2194,0.001631
1758812400000.0,201.15,4003.26,0.6463,111576.46,2.8312,111580.77,5073.0,2.646,0.2187,0.001621
1758816000000.0,198.72,3940.62,0.6344,110979.53,2.7914,110957.29,5010.0,2.591,0.216,0.001602
1758819600000.0,194.84,3838.77,0.6196,108901.8,2.7368,108833.63,4902.0,2.531,0.2113,0.001562
1758823200000.0,199.45,3924.96,0.636,109812.87,2.8003,109760.2,5031.0,2.613,0.2162,0.001602
1758826800000.0,198.09,3911.59,0.6305,109373.13,2.7606,109360.0,5012.0,2.588,0.2146,0.001593
1758830400000.0,196.22,3886.31,0.6273,109206.65,2.7479,109163.44,4989.0,2.555,0.2132,0.001583
1758834000000.0,196.35,3904.88,0.6313,109450.21,2.7573,109420.0,5013.0,2.566,0.2139,0.001591
1758837600000.0,194.64,3893.34,0.6299,109460.8,2.7546,109419.97,5015.0,2.544,0.2129,0.001585
1758841200000.0,192.74,3874.36,0.6275,109028.8,2.7435,108994.49,4987.0,2.528,0.2117,0.001575
1758844800000.0,195.71,3931.52,0.636,109558.61,2.7682,109472.13,5050.0,2.568,0.2144,0.00159
1758848400000.0,195.9,3948.65,0.6342,109751.79,2.7676,109680.4,5043.0,2.578,0.2148,0.001587
1758852000000.0,196.46,3958.78,0.6355,109669.09,2.7589,109621.7,5032.0,2.576,0.2146,0.001585
1758855600000.0,196.47,3965.32,0.6374,109630.39,2.7611,109580.01,5032.0,2.582,0.2147,0.001588
1758859200000.0,195.76,3945.88,0.6336,109354.79,2.7633,109338.01,5001.0,2.559,0.2134,0.001581
1758862800000.0,195.08,3921.2,0.6328,109289.48,2.7529,109252.79,4987.0,2.546,0.213,0.001583
1758866400000.0,195.2,3921.14,0.6314,109384.22,2.7554,109360.0,4989.0,2.542,0.2129,0.001582
1758870000000.0,196.31,3938.11,0.6353,109388.2,2.7551,109320.02,4994.0,2.558,0.2147,0.001589
1758873600000.0,196.15,3933.93,0.634,109571.33,2.759,109567.2,5021.0,2.564,0.2154,0.001592
1758877200000.0,194.63,3915.12,0.6309,109578.11,2.7488,109568.72,5019.0,2.545,0.2149,0.00159
1758880800000.0,192.11,3888.44,0.6258,108930.34,2.7098,108895.0,4994.0,2.516,0.214,0.001579
1758884400000.0,193.47,3906.0,0.6278,109170.14,2.7277,109133.5,5043.0,2.531,0.214,0.001585
1758888000000.0,196.67,3937.23,0.6317,109449.07,2.7535,109372.68,5106.0,2.558,0.2149,0.001597
1758891600000.0,197.16,3971.14,0.6362,109790.01,2.7614,109669.73,5126.0,2.57,0.216,0.001604
1758895200000.0,194.42,3930.92,0.6322,108962.76,2.7077,108836.0,5097.0,2.541,0.2145,0.001589
1758898800000.0,196.02,3946.0,0.636,109120.93,2.7353,109027.78,5133.0,2.558,0.2154,0.001595
1758902400000.0,199.6,3990.81,0.6424,109600.0,2.763,109460.01,5197.0,2.591,0.2177,0.001612
1758906000000.0,201.4,4044.71,0.6492,109997.75,2.7934,109899.99,5233.0,2.606,0.2194,0.001624
1758909600000.0,201.83,4044.11,0.649,109908.24,2.8029,109727.99,5230.0,2.617,0.2195,0.001629
1758913200000.0,200.68,4024.07,0.6448,109331.51,2.7918,109172.2,5209.0,2.604,0.2181,0.001621
1758916800000.0,199.96,4009.83,0.6449,109438.56,2.7781,109288.44,5193.0,2.609,0.2178,0.001622
1758920400000.0,202.32,4023.34,0.6477,109622.64,2.7862,109469.07,5205.0,2.622,0.2183,0.001626
1758924000000.0,203.57,4026.24,0.6474,109719.86,2.7821,109558.25,5197.0,2.625,0.2183,0.001624
1758927600000.0,205.17,4032.24,0.6475,109789.02,2.7835,109643.46,5202.0,2.641,0.2185,0.001626
1758931200000.0,205.19,4027.19,0.6487,109782.68,2.7803,109649.29,5199.0,2.641,0.2182,0.001625
1758934800000.0,204.35,4018.29,0.648,109552.5,2.7728,109431.92,5179.0,2.629,0.218,0.001621
1758938400000.0,203.7,4012.74,0.648,109506.07,2.7777,109408.18,5177.0,2.625,0.218,0.001621
1758942000000.0,203.88,4019.41,0.6477,109666.5,2.7836,109553.77,5190.0,2.626,0.2183,0.001623
1758945600000.0,203.66,4022.01,0.6481,109737.73,2.7835,109654.99,5167.0,2.621,0.2185,0.001619
1758949200000.0,202.48,4019.96,0.6479,109728.78,2.7902,109635.72,5169.0,2.619,0.2186,0.001617
1758952800000.0,202.64,4019.0,0.6473,109720.67,2.7969,109541.36,5159.0,2.619,0.2182,0.001614
1758956400000.0,202.05,4007.93,0.6454,109540.41,2.781,109411.2,5142.0,2.61,0.217,0.001606
1758960000000.0,200.93,3985.87,0.6421,109343.0,2.7696,109252.01,5099.0,2.588,0.216,0.001601
1758963600000.0,201.18,3995.24,0.6431,109408.31,2.7814,109292.73,5126.0,2.599,0.216,0.001604
1758967200000.0,201.63,4008.99,0.6446,109545.18,2.7881,109431.7,5143.0,2.613,0.2162,0.001605
1758970800000.0,201.71,4002.16,0.6446,109398.73,2.777,109310.21,5151.0,2.605,0.2158,0.001604
1758974400000.0,202.45,4028.92,0.6482,109531.89,2.7844,109400.05,5168.0,2.626,0.2163,0.00161
1758978000000.0,202.9,4019.92,0.646,109369.2,2.7816,109306.61,5170.0,2.622,0.2157,0.001609
1758981600000.0,202.69,4014.93,0.645,109359.28,2.7824,109287.89,5156.0,2.617,0.2147,0.001605
1758985200000.0,203.52,4018.92,0.6454,109486.63,2.7842,109402.24,5178.0,2.635,0.2161,0.001609
1758988800000.0,202.93,4007.43,0.6436,109448.29,2.7765,109389.04,5186.0,2.612,0.215,0.0016
1758992400000.0,201.87,4001.68,0.6429,109498.0,2.7838,109382.47,5170.0,2.604,0.214,0.0016
1758996000000.0,201.64,3996.08,0.6424,109503.05,2.7902,109434.96,5164.0,2.6,0.2138,0.001599
1758999600000.0,202.19,4002.45,0.6441,109484.2,2.79,109424.2,5162.0,2.607,0.2139,0.0016
1759003200000.0,202.63,4006.55,0.6432,109475.7,2.7976,109390.0,5149.0,2.607,0.2139,0.0016
1759006800000.0,203.8,4014.73,0.6458,109601.59,2.7981,109474.99,5158.0,2.633,0.2155,0.001601
1759010400000.0,203.89,4022.71,0.647,109706.21,2.8188,109605.62,5154.0,2.622,0.2154,0.001607
1759014000000.0,203.46,4018.38,0.6466,109711.77,2.8047,109635.85,5140.0,2.608,0.215,0.001605
1759017600000.0,202.95,4016.43,0.641,109675.68,2.8004,109607.81,5119.0,2.594,0.2139,0.001592
1759021200000.0,201.13,3996.92,0.637,109439.4,2.7885,109353.67,5095.0,2.576,0.2133,0.001581
1759024800000.0,201.48,4001.22,0.6373,109519.39,2.7867,109447.55,5108.0,2.582,0.2135,0.001586
1759028400000.0,201.4,4002.74,0.6396,109521.57,2.7826,109436.0,5108.0,2.589,0.2134,0.001586
1759032000000.0,201.9,4005.05,0.6395,109446.77,2.7889,109365.9,5107.0,2.589,0.2136,0.001581
1759035600000.0,201.28,4010.78,0.64,109436.88,2.7812,109356.43,5101.0,2.578,0.2128,0.001586
1759039200000.0,201.72,4006.09,0.6378,109478.12,2.7894,109410.0,5086.0,2.572,0.2121,0.001581
1759042800000.0,202.1,4014.32,0.6389,109606.01,2.7874,109513.06,5092.0,2.572,0.2127,0.001582
1759046400000.0,201.81,4002.02,0.636,109576.65,2.7867,109509.91,5083.0,2.561,0.2123,0.001573
1759050000000.0,200.7,3995.91,0.6359,109573.36,2.7776,109519.42,5086.0,2.557,0.2118,0.001575
1759053600000.0,200.83,3996.38,0.6377,109441.29,2.7811,109368.44,5197.0,2.565,0.2126,0.001576
1759057200000.0,199.86,3992.39,0.6368,109431.27,2.7764,109369.02,5172.0,2.552,0.2118,0.001574
1759060800000.0,198.43,3978.11,0.6347,109374.89,2.7699,109314.99,5157.0,2.539,0.2117,0.001572
1759064400000.0,201.17,4013.21,0.6449,109713.4,2.786,109639.0,5216.0,2.585,0.2139,0.001588
1759068000000.0,201.89,4024.64,0.6448,109925.85,2.7966,109850.01,5225.0,2.579,0.2132,0.001588
1759071600000.0,203.42,4021.69,0.6442,110075.77,2.8107,110037.93,5196.0,2.581,0.2137,0.001591
1759075200000.0,204.05,4033.48,0.6448,110291.92,2.8316,110222.02,5380.0,2.608,0.2144,0.001594
1759078800000.0,205.05,4040.23,0.6455,110333.23,2.8238,110203.52,5397.0,2.625,0.2146,0.001599
1759082400000.0,206.12,4042.24,0.6469,110428.43,2.8304,110293.56,5372.0,2.643,0.2161,0.001601
1759086000000.0,206.18,4039.45,0.6478,110390.39,2.8277,110337.6,5414.0,2.637,0.2168,0.0016
1759089600000.0,206.82,4051.41,0.6509,110884.37,2.8433,110803.8,5394.0,2.651,0.2184,0.001606
1759093200000.0,207.22,4049.95,0.6512,110865.17,2.8395,110833.99,5365.0,2.66,0.2181,0.001604
1759096800000.0,209.54,4132.29,0.6632,111924.17,2.8581,111938.51,5399.0,2.698,0.2221,0.001627
1759100400000.0,210.83,4142.16,0.6622,112202.76,2.8674,112163.95,5402.0,2.701,0.2217,0.001628
1759104000000.0,209.19,4127.33,0.6639,112258.71,2.8625,112260.57,5418.0,2.684,0.2209,0.001625
1759107600000.0,209.4,4114.8,0.6646,111880.15,2.8567,111855.3,5375.0,2.668,0.2195,0.001622
1759111200000.0,209.69,4111.68,0.6665,111758.43,2.875,111750.02,5367.0,2.671,0.2192,0.001613
1759114800000.0,210.28,4121.8,0.6653,111872.79,2.8634,111857.51,5437.0,2.669,0.2195,0.001618
1759118400000.0,210.06,4119.26,0.6646,111853.1,2.8604,111812.0,5427.0,2.656,0.2185,0.001612
1759122000000.0,209.12,4114.13,0.6644,111772.24,2.8593,111753.34,5405.0,2.652,0.219,0.001611
1759125600000.0,208.14,4097.53,0.66,111651.63,2.8682,111632.83,5406.0,2.643,0.2186,0.001605
1759129200000.0,208.95,4108.25,0.6607,111877.56,2.8869,111865.95,5418.0,2.655,0.2201,0.00161
1759132800000.0,208.91,4122.3,0.6631,112110.0,2.8837,112099.75,5405.0,2.661,0.221,0.001617
1759136400000.0,208.2,4134.97,0.6551,112119.81,2.8702,112110.9,5352.0,2.645,0.2215,0.001613
1759140000000.0,206.6,4116.34,0.6516,112112.58,2.8607,112090.18,5354.0,2.627,0.2195,0.00161
1759143600000.0,207.07,4103.21,0.6504,112114.37,2.8551,112100.0,5365.0,2.628,0.2196,0.001607
1759147200000.0,205.37,4098.03,0.6445,112010.87,2.8495,112022.16,5353.0,2.595,0.2174,0.00159
1759150800000.0,208.86,4169.13,0.6526,113254.34,2.8804,113227.29,5390.0,2.654,0.2201,0.001608
1759154400000.0,212.35,4188.8,0.6568,114040.18,2.908,114033.53,5407.0,2.696,0.2225,0.001621
1759158000000.0,210.07,4164.8,0.6529,113774.95,2.894,113815.57,5370.0,2.653,0.2214,0.001606
1759161600000.0,208.72,4142.6,0.6498,113614.99,2.8795,113626.15,5321.0,2.627,0.2208,0.0016
1759165200000.0,210.19,4155.53,0.6534,114071.95,2.8823,114043.91,5360.0,2.646,0.2232,0.001611
1759168800000.0,210.76,4162.29,0.6542,113998.2,2.8763,114008.79,5357.0,2.639,0.222,0.001606
1759172400000.0,212.93,4188.32,0.6587,114269.82,2.8977,114265.55,5411.0,2.668,0.2255,0.001615
1759176000000.0,214.42,4226.09,0.6656,114304.9,2.9056,114258.29,5400.0,2.704,0.226,0.001627
1759179600000.0,214.16,4224.0,0.6672,114213.17,2.8939,114176.73,5386.0,2.701,0.2255,0.001627
1759183200000.0,213.58,4226.06,0.6646,114264.52,2.8871,114189.81,5390.0,2.689,0.2241,0.001617
1759186800000.0,212.75,4215.07,0.6635,114319.66,2.8801,114311.96,5362.0,2.671,0.2233,0.00161
1759190400000.0,211.34,4206.03,0.6586,114503.78,2.8748,114525.97,5333.0,2.64,0.2212,0.001595
1759194000000.0,210.58,4203.24,0.6567,114442.51,2.8814,114500.31,5304.0,2.633,0.221,0.001595
1759197600000.0,210.53,4198.73,0.6577,114454.42,2.8811,114455.96,5303.0,2.626,0.2209,0.001595
1759201200000.0,210.71,4198.68,0.6588,114371.07,2.876,114376.39,5338.0,2.627,0.2204,0.001594
1759204800000.0,210.22,4188.63,0.6594,114120.91,2.881,114091.63,5299.0,2.623,0.2207,0.001593
1759208400000.0,210.0,4184.15,0.6624,113920.67,2.8937,113904.0,5305.0,2.632,0.2211,0.001596
1759212000000.0,210.31,4189.73,0.6609,113853.75,2.8987,113891.64,5287.0,2.626,0.2204,0.001591
1759215600000.0,209.0,4182.13,0.6607,113738.07,2.874,113699.23,5269.0,2.614,0.2205,0.001585
1759219200000.0,207.77,4169.12,0.6597,113486.01,2.8551,113451.89,5270.0,2.598,0.2197,0.001582
1759222800000.0,205.89,4140.78,0.658,112815.31,2.8392,112781.97,5260.0,2.581,0.218,0.001575
1759226400000.0,206.58,4158.1,0.6683,112950.88,2.8403,112923.49,5283.0,2.591,0.2184,0.001576
1759230000000.0,207.08,4165.39,0.6607,113105.07,2.8468,113055.01,5307.0,2.603,0.2192,0.001579
1759233600000.0,206.19,4158.42,0.6551,113000.0,2.8491,113002.06,5311.0,2.584,0.2183,0.00157
1759237200000.0,207.71,4154.39,0.6543,113361.59,2.8455,113404.53,5351.0,2.591,0.2183,0.001571
1759240800000.0,208.79,4149.28,0.655,113612.38,2.8477,113595.05,5354.0,2.596,0.2175,0.001571
1759244400000.0,206.0,4119.87,0.6495,113115.69,2.8279,113106.16,5336.0,2.561,0.2151,0.001558
1759248000000.0,205.12,4099.11,0.6487,112900.79,2.8244,112841.24,5298.0,2.555,0.2147,0.001562
1759251600000.0,205.64,4100.73,0.6498,113240.22,2.8281,113246.11,5316.0,2.566,0.2152,0.001559
1759255200000.0,207.57,4116.53,0.6541,113689.29,2.8397,113714.56,5343.0,2.59,0.2161,0.001564
1759258800000.0,208.92,4160.1,0.6595,114370.95,2.8637,114359.99,5398.0,2.631,0.2173,0.001577
1759262400000.0,209.86,4195.36,0.6639,114616.93,2.8721,114626.36,5421.0,2.661,0.2187,0.001586
1759266000000.0,209.6,4152.74,0.6625,114182.83,2.8527,114161.0,5403.0,2.647,0.2177,0.001576
1759269600000.0,208.06,4140.43,0.658,113917.79,2.8417,113940.39,5372.0,2.624,0.2167,0.001571
1759273200000.0,208.68,4145.15,0.6605,114061.15,2.8468,114048.93,5391.0,2.637,0.2178,0.001577
1759276800000.0,207.54,4148.45,0.6616,114221.35,2.8383,114239.53,5382.0,2.623,0.2168,0.001572
1759280400000.0,210.59,4171.33,0.6671,114543.93,2.8582,114549.99,5416.0,2.647,0.2172,0.001579
1759284000000.0,209.19,4152.96,0.6635,114263.5,2.8419,114272.15,5387.0,2.636,0.2161,0.001573
1759287600000.0,206.69,4128.66,0.6576,114211.38,2.819,114176.92,5325.0,2.611,0.2143,0.001559
1759291200000.0,208.5,4140.38,0.6595,114278.27,2.8362,114289.01,5365.0,2.625,0.216,0.001565
1759294800000.0,208.97,4143.86,0.6629,114552.53,2.8457,114569.84,5386.0,2.641,0.2173,0.001573
1759298400000.0,207.98,4126.26,0.658,114270.96,2.8321,114256.81,5365.0,2.621,0.2164,0.001568
1759302000000.0,210.18,4145.8,0.6613,114566.08,2.854,114539.02,5397.0,2.646,0.2172,0.001576
1759305600000.0,216.57,4291.23,0.6817,116062.53,2.9169,116111.28,5539.0,2.779,0.2224,0.001615
1759309200000.0,217.58,4310.89,0.6839,116397.16,2.9412,116412.1,5525.0,2.81,0.2233,0.001621
1759312800000.0,216.59,4282.62,0.6798,116243.9,2.9299,116281.64,5468.0,2.78,0.2228,0.001616
1759316400000.0,217.75,4298.2,0.6812,116737.23,2.9439,116789.58,5479.0,2.791,0.2228,0.001619
1759320000000.0,218.5,4284.39,0.6791,116385.11,2.9363,116402.65,5442.0,2.761,0.2227,0.001613
1759323600000.0,219.36,4295.26,0.6797,116756.08,2.9384,116806.96,5455.0,2.782,0.2226,0.001618
1759327200000.0,219.52,4323.95,0.6811,117309.9,2.9428,117292.74,5464.0,2.793,0.2226,0.001621
1759330800000.0,220.25,4327.23,0.6811,117421.58,2.9419,117423.73,5457.0,2.819,0.223,0.001626
1759334400000.0,219.09,4324.57,0.682,117606.17,2.9378,117535.79,5450.0,2.801,0.2225,0.001628
1759338000000.0,217.39,4293.11,0.6825,116825.89,2.9202,116768.07,5457.0,2.782,0.2228,0.001629
1759341600000.0,219.13,4308.35,0.6882,117252.4,2.936,117234.01,5499.0,2.817,0.2245,0.001642
1759345200000.0,220.05,4334.53,0.69,117428.74,2.9549,117439.53,5509.0,2.836,0.2252,0.001647
1759348800000.0,219.48,4334.63,0.6893,117503.86,2.9472,117536.12,5558.0,2.833,0.2253,0.001649
1759352400000.0,219.03,4304.79,0.6872,117439.05,2.9286,117554.96,5536.0,2.824,0.2248,0.001646
1759356000000.0,219.58,4312.96,0.6885,117717.67,2.9303,117745.39,5528.0,2.834,0.2248,0.001648
1759359600000.0,222.04,4348.03,0.6916,118564.34,2.9485,118594.99,5576.0,2.858,0.2256,0.001652
1759363200000.0,219.81,4335.15,0.6877,118414.37,2.9429,118428.46,5550.0,2.854,0.2243,0.001643
1759366800000.0,222.83,4393.31,0.6964,118604.55,2.9701,118617.37,5622.0,2.91,0.2264,0.001655
1759370400000.0,223.28,4386.25,0.6968,118721.84,2.9765,118753.73,5612.0,2.909,0.2258,0.001659
1759374000000.0,223.8,4376.3,0.6962,118717.61,2.9723,118733.99,5590.0,2.917,0.2246,0.001661
1759377600000.0,223.82,4371.99,0.6959,118621.38,2.9676,118662.04,5600.0,2.918,0.2252,0.001658
1759381200000.0,224.13,4384.02,0.6979,118369.16,2.9648,118377.34,5600.0,2.919,0.2258,0.001663
1759384800000.0,224.94,4403.5,0.6993,118621.16,2.9793,118649.06,5606.0,2.928,0.2258,0.001666
1759388400000.0,222.9,4375.78,0.6979,118476.0,2.9692,118489.76,5570.0,2.909,0.2254,0.00166
1759392000000.0,224.72,4387.63,0.6993,118638.08,2.9888,118668.89,5599.0,2.907,0.2259,0.001667
1759395600000.0,225.13,4391.59,0.6984,118821.02,2.9833,118849.99,5589.0,2.917,0.2253,0.001669
1759399200000.0,225.11,4379.82,0.6991,118606.62,2.9888,118619.56,5576.0,2.923,0.226,0.001667
1759402800000.0,225.27,4378.93,0.6976,118744.45,2.9715,118765.73,5559.0,2.926,0.2256,0.001679
1759406400000.0,227.26,4406.02,0.7007,119362.38,2.9866,119402.42,5557.0,3.021,0.2263,0.001675
1759410000000.0,226.52,4417.46,0.7,119583.76,2.9857,119621.2,5543.0,2.97,0.2256,0.001661
1759413600000.0,223.61,4374.42,0.6909,118782.56,2.9574,118814.09,5484.0,2.921,0.2231,0.001645
1759417200000.0,227.18,4437.09,0.6981,119873.44,2.9917,119910.78,5513.0,2.95,0.2249,0.001663
1759420800000.0,228.0,4448.4,0.7002,119697.79,3.0449,119731.4,5505.0,2.978,0.2251,0.001666
1759424400000.0,229.82,4466.31,0.7027,119891.96,3.0352,119917.52,5548.0,2.996,0.2266,0.001674
1759428000000.0,232.34,4487.3,0.7065,120479.74,3.0622,120506.61,5573.0,3.037,0.2278,0.001689
1759431600000.0,232.3,4495.61,0.7086,120804.23,3.0902,120836.49,5596.0,3.034,0.228,0.001692
1759435200000.0,232.63,4491.46,0.7053,120620.56,3.0587,120652.01,5573.0,3.029,0.2278,0.001685
1759438800000.0,232.57,4468.71,0.7042,120194.16,3.0396,120150.1,5545.0,3.035,0.2274,0.001687
1759442400000.0,233.13,4464.13,0.7027,120168.72,3.0322,120257.49,5524.0,3.036,0.2272,0.001683
1759446000000.0,234.74,4484.35,0.7055,120561.82,3.0389,120529.35,5536.0,3.053,0.2277,0.001686
1759449600000.0,231.87,4468.41,0.6996,120138.42,3.0193,120132.8,5505.0,3.023,0.2265,0.001671
1759453200000.0,230.95,4471.92,0.6974,119891.08,3.0063,119875.72,5502.0,2.993,0.2253,0.001665
1759456800000.0,233.29,4510.19,0.7029,120156.08,3.0222,120157.82,5521.0,3.002,0.2258,0.001674
1759460400000.0,232.26,4500.59,0.702,120203.73,3.0202,120225.89,5508.0,2.985,0.2256,0.00167
1759464000000.0,232.08,4496.98,0.7051,120023.27,3.0294,120039.98,5546.0,2.995,0.2273,0.001677
1759467600000.0,231.21,4476.32,0.7031,119933.66,3.0206,119920.4,5543.0,2.987,0.2262,0.00167
1759471200000.0,229.35,4472.09,0.7026,119887.43,3.0226,119916.93,5521.0,2.96,0.2255,0.001666
1759474800000.0,229.41,4462.33,0.7011,119621.67,3.0339,119640.21,5512.0,2.949,0.2259,0.001662
1759478400000.0,231.07,4466.23,0.7001,120015.35,3.0528,120038.6,5534.0,2.965,0.2263,0.001667
1759482000000.0,230.92,4473.26,0.7018,120269.36,3.0406,120300.0,5525.0,2.956,0.2265,0.001663
1759485600000.0,231.29,4489.56,0.701,120433.62,3.0454,120425.95,5522.0,2.956,0.2276,0.001665
1759489200000.0,230.78,4478.45,0.6993,120305.45,3.0379,120334.5,5504.0,2.958,0.2274,0.001659
1759492800000.0,230.03,4482.41,0.6992,120333.99,3.0224,120358.07,5530.0,2.948,0.2279,0.00166
1759496400000.0,229.72,4470.97,0.6982,120381.13,3.0253,120374.73,5522.0,2.947,0.2282,0.001667
1759500000000.0,230.49,4482.84,0.6993,120891.38,3.043,120917.85,5523.0,2.967,0.2286,0.001665
1759503600000.0,234.79,4534.75,0.7079,122250.04,3.0692,122258.05,5577.0,3.02,0.2325,0.001688
1759507200000.0,233.91,4525.42,0.7072,122518.19,3.0624,122553.3,5571.0,3.014,0.2337,0.001691
1759510800000.0,230.13,4471.66,0.6985,122004.74,3.0288,122073.25,5505.0,2.955,0.2306,0.001675
1759514400000.0,233.64,4512.57,0.7067,122491.73,3.0458,122538.46,5545.0,2.996,0.2324,0.001691
1759518000000.0,233.17,4519.48,0.7076,122595.02,3.0347,122660.99,5569.0,2.981,0.2324,0.001688
1759521600000.0,233.0,4534.94,0.7085,122500.0,3.0378,122447.94,5598.0,2.998,0.2329,0.001691
1759525200000.0,232.63,4523.1,0.708,122252.72,3.0466,122306.57,5559.0,2.983,0.2327,0.001689
1759528800000.0,233.19,4528.4,0.7087,122467.85,3.0477,122477.0,5566.0,2.988,0.2326,0.001692
1759532400000.0,232.84,4512.87,0.706,122191.76,3.0401,122232.0,5548.0,2.975,0.2321,0.001682
1759536000000.0,231.97,4501.46,0.7026,122098.26,3.0434,122100.0,5553.0,2.96,0.2318,0.001683
1759539600000.0,230.31,4479.67,0.6984,121806.93,3.0236,121865.21,5513.0,2.93,0.2302,0.001677
1759543200000.0,229.84,4484.77,0.6989,121813.49,3.0205,121854.53,5521.0,2.941,0.2302,0.001681
1759546800000.0,229.25,4487.06,0.6972,122192.19,3.0233,122243.99,5505.0,2.927,0.229,0.001673
1759550400000.0,229.57,4494.45,0.6989,122486.59,3.018,122495.0,5504.0,2.925,0.2294,0.001672
1759554000000.0,229.99,4504.05,0.7007,122519.69,3.024,122522.7,5505.0,2.928,0.2295,0.001672
1759557600000.0,229.83,4506.77,0.7022,122368.93,3.0267,122430.27,5530.0,2.942,0.2298,0.001675
1759561200000.0,229.11,4498.29,0.6968,122291.54,3.018,122324.08,5463.0,2.927,0.229,0.001671
1759564800000.0,228.88,4489.22,0.6934,122241.3,3.0005,122267.57,5427.0,2.899,0.2274,0.001665
1759568400000.0,228.48,4489.69,0.6918,122192.75,2.9963,122208.78,5411.0,2.882,0.2266,0.001656
1759572000000.0,229.18,4487.55,0.6909,122097.09,2.9872,122129.53,5396.0,2.871,0.2254,0.001646
1759575600000.0,229.19,4483.83,0.6926,122001.51,2.9904,121973.26,5430.0,2.872,0.2249,0.001649
1759579200000.0,228.14,4479.74,0.6929,121994.68,2.9841,122005.62,5412.0,2.86,0.2248,0.001643
1759582800000.0,228.8,4499.53,0.6979,122348.31,2.9928,122385.42,5443.0,2.876,0.2259,0.001653
1759586400000.0,226.82,4470.58,0.6911,121976.19,2.967,122000.01,5409.0,2.84,0.2241,0.001637
1759590000000.0,224.88,4455.05,0.6881,121759.0,2.9497,121791.31,5381.0,2.807,0.2226,0.001627
1759593600000.0,225.65,4466.58,0.6911,121709.47,2.9462,121719.99,5396.0,2.827,0.2232,0.001633
1759597200000.0,226.55,4463.69,0.6916,121730.4,2.9482,121747.37,5395.0,2.842,0.2236,0.001633
1759600800000.0,226.06,4454.93,0.6913,121571.91,2.9435,121574.66,5395.0,2.842,0.2235,0.001629
1759604400000.0,226.91,4467.12,0.691,121932.45,2.9501,121959.25,5421.0,2.855,0.2241,0.001635
1759608000000.0,227.31,4475.16,0.6915,121924.07,2.9471,121892.89,5425.0,2.861,0.2241,0.001637
1759611600000.0,227.28,4484.5,0.6941,122185.68,2.9613,122190.67,5439.0,2.87,0.2245,0.001641
1759615200000.0,227.73,4489.6,0.6956,122286.82,2.9692,122287.19,5447.0,2.879,0.2247,0.001642
1759618800000.0,227.86,4487.15,0.6938,122366.05,2.9685,122391.0,5445.0,2.876,0.2244,0.00164
1759622400000.0,226.82,4470.93,0.6921,122149.19,2.9569,122157.7,5428.0,2.85,0.2229,0.001632
1759626000000.0,227.75,4487.51,0.6969,122388.96,2.9641,122377.72,5456.0,2.867,0.2234,0.001642
1759629600000.0,231.12,4548.9,0.7092,124011.37,3.0051,124031.44,5531.0,2.939,0.2274,0.001665
1759633200000.0,230.91,4531.54,0.7068,123814.27,3.0075,123776.22,5517.0,2.922,0.2268,0.001657
1759636800000.0,233.78,4574.62,0.7147,125129.32,3.034,125172.81,5553.0,2.974,0.229,0.001667
1759640400000.0,234.52,4569.23,0.7128,125018.39,3.0356,125127.99,5578.0,2.996,0.2298,0.00167
1759644000000.0,235.16,4559.66,0.7105,124965.06,3.0339,125000.01,5571.0,2.978,0.2299,0.001672
1759647600000.0,236.59,4605.97,0.716,124738.69,3.0633,124713.63,5615.0,3.018,0.2305,0.00169
1759651200000.0,235.18,4587.54,0.714,124564.89,3.0472,124595.99,5598.0,2.996,0.2289,0.001683
1759654800000.0,233.43,4549.22,0.7065,123010.85,3.0239,123020.5,5537.0,2.961,0.2267,0.001669
1759658400000.0,232.03,4542.57,0.7048,123038.04,3.0155,123028.01,5525.0,2.937,0.2261,0.001663
1759662000000.0,232.66,4551.06,0.7039,123434.61,3.022,123464.64,5516.0,2.944,0.2259,0.001661
1759665600000.0,231.31,4531.65,0.6993,123051.42,3.0066,123085.88,5497.0,2.913,0.2252,0.001653
1759669200000.0,231.64,4538.93,0.7005,123120.5,3.0051,123161.39,5502.0,2.923,0.2253,0.001656
1759672800000.0,230.14,4535.7,0.6997,123021.43,2.9953,123034.67,5499.0,2.912,0.2246,0.001655
1759676400000.0,230.14,4532.0,0.7002,122775.86,3.0128,122803.17,5517.0,2.912,0.2255,0.001662
1759680000000.0,231.09,4528.51,0.6995,123250.0,3.0019,123265.54,5525.0,2.919,0.2258,0.001661
1759683600000.0,229.67,4511.48,0.6938,123029.73,2.9881,123057.05,5446.0,2.881,0.2236,0.001647
1759687200000.0,228.98,4518.56,0.695,122984.14,2.9747,122999.44,5443.0,2.887,0.2234,0.001649
1759690800000.0,227.07,4487.26,0.6897,122582.61,2.9529,122591.79,5389.0,2.847,0.2211,0.001627
1759694400000.0,227.98,4498.57,0.693,122751.07,2.9696,122705.32,5402.0,2.863,0.2217,0.001631
1759698000000.0,228.71,4505.42,0.6937,122674.55,2.9757,122729.99,5388.0,2.864,0.222,0.001629
1759701600000.0,228.32,4513.29,0.696,123203.28,2.967,123237.4,5399.0,2.867,0.2221,0.001631
1759705200000.0,228.56,4514.32,0.698,123448.63,2.9697,123482.31,5399.0,2.862,0.2223,0.001629
1759708800000.0,228.7,4499.29,0.6947,123307.04,2.9631,123347.29,5416.0,2.85,0.2213,0.001629
1759712400000.0,231.42,4527.87,0.7006,123991.22,2.979,124035.32,5444.0,2.892,0.2226,0.001638
1759716000000.0,232.37,4538.32,0.7019,124093.24,2.9812,124110.61,5450.0,2.896,0.2229,0.001638
1759719600000.0,232.24,4537.08,0.7015,123840.1,2.978,123839.09,5450.0,2.893,0.2229,0.001637
1759723200000.0,230.67,4524.66,0.6981,123556.09,2.9677,123580.26,5435.0,2.871,0.2221,0.00163
1759726800000.0,232.32,4527.83,0.7008,123590.18,2.9733,123586.0,5445.0,2.894,0.2232,0.00164
1759730400000.0,233.95,4560.26,0.7043,123955.73,2.9902,123947.9,5455.0,2.924,0.2249,0.001648
1759734000000.0,231.36,4533.19,0.7002,123418.63,2.9737,123390.47,5457.0,2.904,0.2233,0.001639
1759737600000.0,233.71,4561.61,0.7039,123824.48,2.9873,123846.55,5472.0,2.919,0.2239,0.001646
1759741200000.0,233.5,4573.0,0.7068,123931.32,2.9914,123955.3,5475.0,2.926,0.2246,0.00165
1759744800000.0,232.67,4573.2,0.7061,123961.59,2.9933,123978.0,5472.0,2.912,0.2247,0.00165
1759748400000.0,233.02,4571.71,0.7083,124197.41,2.9951,124215.0,5470.0,2.914,0.2247,0.001649
1759752000000.0,234.1,4581.29,0.7124,124536.38,3.001,124556.64,5498.0,2.957,0.2257,0.001656
1759755600000.0,234.78,4637.87,0.7199,125025.75,3.0088,125031.33,5519.0,2.989,0.2276,0.00167
1759759200000.0,233.33,4638.51,0.7196,124561.45,2.9878,124530.0,5506.0,2.954,0.2271,0.001666
1759762800000.0,235.64,4673.39,0.7212,125033.84,3.0312,125000.0,5520.0,2.979,0.2281,0.001676
1759766400000.0,235.7,4678.18,0.7231,125450.0,3.0325,125455.24,5524.0,2.982,0.2276,0.00168
1759770000000.0,236.42,4696.0,0.7222,125308.96,3.0363,125284.0,5548.0,2.984,0.2278,0.001684
1759773600000.0,236.8,4711.96,0.7241,126007.59,3.0447,126011.18,5583.0,2.989,0.2282,0.001687
1759777200000.0,235.35,4722.62,0.7214,125401.83,3.0247,125410.81,5593.0,2.984,0.2277,0.001691
1759780800000.0,233.6,4689.12,0.7226,125209.83,3.0088,125211.02,5602.0,2.983,0.23,0.00169
1759784400000.0,234.23,4693.64,0.7204,125093.76,3.0069,125097.85,5580.0,2.987,0.2298,0.001691
1759788000000.0,234.62,4698.57,0.7208,125030.42,3.0009,125039.13,5568.0,2.984,0.2292,0.001686
1759791600000.0,232.35,4684.01,0.7192,124645.79,2.9883,124658.54,5555.0,2.965,0.2283,0.001679
1759795200000.0,232.52,4680.03,0.7214,124900.75,2.9941,124900.93,5576.0,2.981,0.228,0.00168
1759798800000.0,232.72,4675.25,0.724,124684.78,2.9886,124699.99,5560.0,2.966,0.2267,0.001678
1759802400000.0,233.47,4686.41,0.7246,124334.4,2.9855,124259.9,5553.0,2.965,0.2269,0.001676
1759806000000.0,233.95,4690.59,0.7263,124332.95,2.986,124329.74,5551.0,2.967,0.2274,0.001671
1759809600000.0,234.85,4713.6,0.7302,124511.82,2.9925,124500.0,5572.0,2.986,0.2284,0.001679
1759813200000.0,233.52,4711.64,0.7285,124362.07,2.9911,124414.17,5561.0,2.974,0.2277,0.001672
1759816800000.0,230.44,4669.39,0.7216,123899.39,2.9676,123890.84,5547.0,2.934,0.2259,0.00165
1759820400000.0,231.01,4678.19,0.7174,123709.73,2.9716,123667.99,5520.0,2.924,0.2252,0.001649
1759824000000.0,230.01,4670.36,0.7147,123850.69,2.9647,123861.75,5510.0,2.914,0.2246,0.001647
1759827600000.0,230.35,4680.14,0.7154,124121.16,2.9726,124117.48,5545.0,2.925,0.2258,0.00165
1759831200000.0,230.86,4692.38,0.7187,124269.96,2.9765,124282.19,5545.0,2.933,0.2277,0.001654
1759834800000.0,230.44,4708.81,0.725,124420.4,2.9705,124453.38,5579.0,2.944,0.2279,0.001665
1759838400000.0,231.48,4747.46,0.726,124929.04,2.9862,124917.99,5577.0,2.955,0.2286,0.001671
1759842000000.0,227.93,4704.63,0.718,123910.78,2.954,123891.68,5534.0,2.915,0.2261,0.001651
1759845600000.0,225.29,4592.84,0.7036,122770.74,2.9098,122725.36,5444.0,2.83,0.2219,0.001615
1759849200000.0,223.79,4511.99,0.694,121859.37,2.8847,121846.01,5435.0,2.798,0.219,0.001599
1759852800000.0,224.4,4499.3,0.6957,121677.79,2.889,121684.17,5450.0,2.824,0.2202,0.001608
1759856400000.0,222.7,4475.31,0.6919,121160.68,2.8777,121130.02,5421.0,2.82,0.219,0.001604
1759860000000.0,221.43,4464.91,0.6905,120893.9,2.86,120895.37,5411.0,2.801,0.2185,0.001599
1759863600000.0,221.69,4479.44,0.6914,121602.09,2.8568,121637.17,5415.0,2.816,0.219,0.001604
1759867200000.0,223.49,4509.3,0.6959,121904.84,2.8719,121943.61,5428.0,2.85,0.2207,0.001612
1759870800000.0,223.14,4493.46,0.6917,121992.93,2.8728,122016.0,5409.0,2.834,0.22,0.001603
1759874400000.0,222.49,4498.19,0.6954,121985.27,2.867,122011.17,5413.0,2.836,0.2197,0.001604
1759878000000.0,219.97,4447.7,0.6923,121328.41,2.852,121332.95,5382.0,2.813,0.219,0.001595
1759881600000.0,220.99,4471.6,0.6937,121857.01,2.8696,121914.09,5363.0,2.829,0.2192,0.001598
1759885200000.0,222.04,4483.02,0.694,121950.49,2.8717,121950.01,5363.0,2.843,0.2194,0.001601
1759888800000.0,221.58,4480.83,0.6934,122027.69,2.8693,122048.28,5354.0,2.83,0.2188,0.001596
1759892400000.0,218.31,4443.6,0.686,121363.52,2.8464,121374.75,5292.0,2.783,0.2158,0.001575
1759896000000.0,220.4,4461.63,0.6934,121877.15,2.8623,121900.0,5287.0,2.812,0.2173,0.001584
1759899600000.0,219.5,4437.49,0.688,121352.14,2.8553,121374.01,5259.0,2.792,0.2162,0.001579
1759903200000.0,220.26,4455.6,0.6909,121743.48,2.8615,121784.29,5314.0,2.803,0.2159,0.001583
1759906800000.0,220.95,4463.48,0.6953,121599.09,2.858,121597.06,5298.0,2.818,0.2165,0.00159
1759910400000.0,221.61,4475.51,0.6997,122349.6,2.8683,122381.85,5339.0,2.825,0.2181,0.001595
1759914000000.0,221.43,4484.39,0.6984,122498.42,2.8698,122516.98,5338.0,2.81,0.2176,0.001586
1759917600000.0,222.12,4500.08,0.6989,122911.54,2.8773,122934.6,5349.0,2.824,0.2186,0.001587
1759921200000.0,221.2,4487.3,0.6944,122866.65,2.8762,122884.14,5337.0,2.803,0.2177,0.001581
1759924800000.0,222.29,4477.85,0.6961,122577.69,2.8747,122631.52,5337.0,2.81,0.2176,0.001581
1759928400000.0,221.45,4476.29,0.6979,122650.9,2.8734,122599.04,5355.0,2.811,0.2188,0.001589
1759932000000.0,220.08,4450.09,0.6957,122235.83,2.8622,122320.0,5319.0,2.795,0.2181,0.00157
1759935600000.0,221.19,4447.14,0.6965,122198.75,2.866,122189.72,5373.0,2.809,0.2191,0.001576
1759939200000.0,223.57,4496.35,0.7041,123039.32,2.8836,123051.03,5403.0,2.847,0.2203,0.001585
1759942800000.0,226.92,4538.46,0.7103,123983.15,2.9193,124033.19,5491.0,2.888,0.2232,0.001601
1759946400000.0,228.67,4523.48,0.7063,123469.31,2.9079,123460.22,5481.0,2.878,0.2229,0.001599
1759950000000.0,229.34,4515.27,0.7025,123443.8,2.9093,123450.0,5467.0,2.867,0.2224,0.001596
1759953600000.0,227.7,4503.66,0.6991,122885.2,2.8929,122856.69,5439.0,2.842,0.2214,0.001587
1759957200000.0,228.49,4525.59,0.6994,123253.93,2.8967,123277.33,5424.0,2.848,0.222,0.001591
1759960800000.0,228.61,4521.32,0.6986,123185.58,2.8947,123200.82,5433.0,2.847,0.2218,0.001599
1759964400000.0,229.02,4525.72,0.6981,123298.85,2.8797,123306.0,5438.0,2.844,0.2211,0.0016
1759968000000.0,228.34,4511.29,0.697,122896.51,2.8667,122839.15,5427.0,2.82,0.22,0.001594
1759971600000.0,228.45,4478.99,0.6954,122558.25,2.8581,122548.23,5428.0,2.812,0.2196,0.001592
1759975200000.0,224.44,4412.82,0.685,121630.22,2.8297,121617.81,5362.0,2.743,0.2161,0.001569
1759978800000.0,226.19,4450.8,0.695,122062.49,2.8443,122038.01,5399.0,2.775,0.2196,0.00159
1759982400000.0,227.47,4455.04,0.6968,122200.2,2.846,122144.7,5393.0,2.78,0.22,0.001592
1759986000000.0,227.8,4454.69,0.6952,122099.67,2.8337,122100.92,5364.0,2.771,0.2192,0.001588
1759989600000.0,226.55,4429.55,0.6915,121957.38,2.8238,121957.32,5338.0,2.742,0.2185,0.001581
1759993200000.0,224.5,4426.6,0.6892,121899.55,2.8172,121906.1,5329.0,2.729,0.2177,0.001572
1759996800000.0,220.0,4328.0,0.6755,121263.56,2.7878,121261.62,5266.0,2.654,0.214,0.001549
1760000400000.0,221.96,4334.82,0.6836,121792.86,2.8086,121813.04,5305.0,2.674,0.215,0.001554
1760004000000.0,222.28,4354.7,0.6846,122143.38,2.8109,122170.27,5307.0,2.678,0.2157,0.001556
1760007600000.0,223.14,4373.05,0.685,122715.48,2.8263,122737.57,5330.0,2.691,0.216,0.001557
1760011200000.0,225.95,4404.37,0.6903,123494.87,2.8306,123563.38,5376.0,2.723,0.2174,0.001568
1760014800000.0,222.28,4350.81,0.684,122359.29,2.8158,122415.74,5344.0,2.669,0.2147,0.00155
1760018400000.0,220.86,4344.88,0.6795,121373.8,2.8127,121315.0,5338.0,2.649,0.214,0.001545
1760022000000.0,219.11,4314.79,0.6757,121189.32,2.8024,121147.14,5315.0,2.64,0.2133,0.00154
1760025600000.0,217.22,4277.34,0.6708,119892.89,2.7782,119819.77,5277.0,2.63,0.2123,0.001527
1760029200000.0,219.32,4334.4,0.6803,120959.47,2.8053,120974.0,5323.0,2.673,0.2161,0.00155
1760032800000.0,217.55,4308.24,0.6761,120674.88,2.7847,120649.32,5299.0,2.658,0.2171,0.001546
1760036400000.0,218.29,4338.0,0.6761,120972.56,2.7889,120951.72,5300.0,2.671,0.2172,0.001548
1760040000000.0,218.94,4337.46,0.6723,121095.31,2.7951,121109.09,5276.0,2.676,0.217,0.001545
1760043600000.0,220.27,4357.85,0.676,121452.46,2.7982,121461.02,5287.0,2.685,0.2176,0.001549
1760047200000.0,221.25,4377.83,0.6823,121658.42,2.8147,121686.19,5318.0,2.699,0.2187,0.001557
1760050800000.0,220.93,4368.09,0.6812,121616.81,2.8021,121662.4,5302.0,2.695,0.2186,0.001554
1760054400000.0,221.23,4380.7,0.6808,121728.59,2.8111,121745.27,5303.0,2.695,0.218,0.001549
1760058000000.0,220.97,4373.38,0.682,121630.26,2.8097,121623.97,5295.0,2.695,0.2184,0.001552
1760061600000.0,220.33,4359.19,0.6812,121083.87,2.7972,121059.73,5265.0,2.684,0.2183,0.001541
1760065200000.0,221.65,4347.13,0.6902,121036.65,2.8129,121026.01,5303.0,2.708,0.22,0.00155
1760068800000.0,221.22,4344.49,0.6887,121222.49,2.8145,121234.51,5256.0,2.702,0.219,0.001546
1760072400000.0,221.68,4368.34,0.6934,121567.19,2.8265,121583.89,5288.0,2.7,0.2204,0.001559
1760076000000.0,219.39,4328.0,0.6838,121369.17,2.8159,121378.18,5257.0,2.668,0.2182,0.001545
1760079600000.0,218.12,4323.39,0.6781,120935.23,2.8033,120932.05,5228.0,2.643,0.2166,0.001535
1760083200000.0,220.06,4346.12,0.6829,121635.39,2.8201,121631.54,5279.0,2.674,0.2174,0.001534
1760086800000.0,218.95,4322.12,0.6821,121312.56,2.8135,121314.73,5262.0,2.665,0.2174,0.001528
1760090400000.0,220.4,4342.89,0.6892,121512.07,2.8189,121496.33,5350.0,2.671,0.2193,0.001536
1760094000000.0,221.14,4343.02,0.6923,121567.14,2.8186,121554.55,5376.0,2.68,0.2198,0.001537
1760097600000.0,221.76,4348.54,0.6946,121590.59,2.8186,121597.21,5394.0,2.678,0.2201,0.001541
1760101200000.0,223.41,4356.1,0.6951,121708.18,2.8262,121684.2,5364.0,2.696,0.22,0.001541
1760104800000.0,219.79,4280.35,0.6839,120575.97,2.8,120493.17,5290.0,2.636,0.2168,0.001522
1760108400000.0,210.7,4103.11,0.6613,118988.46,2.7417,119018.98,5162.0,2.523,0.2103,0.001481
1760112000000.0,211.26,4108.99,0.657,118264.42,2.7296,118205.61,5204.0,2.512,0.2098,0.00148
1760115600000.0,209.68,4093.97,0.6491,117690.54,2.7234,117623.8,5194.0,2.48,0.2082,0.001467
1760119200000.0,207.47,4053.84,0.6463,117280.38,2.7081,117237.7,5156.0,2.468,0.208,0.001467
1760122800000.0,205.32,3997.56,0.6359,116656.77,2.6768,116661.5,5095.0,2.434,0.2051,0.001439
1760126400000.0,196.84,3871.3,0.6076,114364.56,2.494,114266.82,4839.0,2.26,0.1931,0.001347
1760130000000.0,193.41,3949.99,0.6016,113072.33,2.3251,113451.86,4725.0,1.926,0.1786,0.00122
1760133600000.0,189.93,3855.09,0.5681,113412.97,2.3525,113700.0,4561.0,1.98,0.1722,0.001241
1760137200000.0,188.43,3829.72,0.5813,112838.46,2.3704,112774.5,4549.0,1.988,0.1752,0.001236
1760140800000.0,188.05,3838.48,0.5845,112523.24,2.3864,112514.58,4551.0,2.026,0.1796,0.001236
1760144400000.0,183.1,3733.35,0.5713,111120.72,2.3336,111095.37,4462.0,1.971,0.1756,0.001179
1760148000000.0,188.6,3841.17,0.5886,113141.93,2.4359,113196.48,4569.0,2.071,0.1785,0.001223
1760151600000.0,184.85,3792.26,0.5852,112311.0,2.3974,112300.01,4559.0,2.021,0.1753,0.001187
1760155200000.0,186.13,3820.54,0.5933,112881.95,2.4437,112945.79,4686.0,2.05,0.1781,0.001203
1760158800000.0,182.48,3789.47,0.5839,112395.15,2.4038,112389.48,4643.0,1.998,0.1765,0.001191
1760162400000.0,183.26,3781.78,0.5832,112040.01,2.4233,112045.99,4653.0,1.922,0.1758,0.001182
1760166000000.0,182.75,3758.81,0.5814,110460.51,2.4115,110384.61,4648.0,1.91,0.1753,0.001176
1760169600000.0,186.56,3815.36,0.5939,111315.81,2.4849,111328.38,4775.0,1.987,0.1789,0.001209
1760173200000.0,184.52,3829.37,0.5925,111630.87,2.4695,111642.78,4727.0,1.953,0.1809,0.001209
1760176800000.0,183.97,3833.89,0.592,112055.7,2.4778,112114.64,4758.0,1.966,0.1822,0.001208
1760180400000.0,183.85,3839.99,0.591,112255.54,2.4773,112280.0,4736.0,1.954,0.1812,0.001201
1760184000000.0,183.12,3823.52,0.5879,112365.0,2.4461,112380.14,4704.0,1.962,0.1793,0.001184
1760187600000.0,184.26,3832.39,0.5875,112241.53,2.4502,112267.86,4749.0,1.967,0.1802,0.001191
1760191200000.0,182.67,3814.2,0.5885,112006.97,2.4585,111991.97,4752.0,1.967,0.1799,0.001191
1760194800000.0,183.71,3825.13,0.5889,111836.92,2.4783,111793.2,4769.0,1.98,0.1803,0.001197
1760198400000.0,182.66,3820.07,0.5862,111798.5,2.4761,111846.18,4737.0,1.977,0.1791,0.001192
1760202000000.0,183.04,3825.14,0.5877,112001.52,2.4799,112005.57,4768.0,1.989,0.1793,0.001197
1760205600000.0,182.52,3815.48,0.5843,111927.94,2.4695,111955.27,4747.0,1.969,0.1778,0.001192
1760209200000.0,177.57,3760.61,0.571,111144.64,2.4097,111178.31,4639.0,1.894,0.1736,0.00116
1760212800000.0,175.55,3695.15,0.5638,110265.66,2.3538,110244.98,4579.0,1.82,0.169,0.00114
1760216400000.0,176.93,3735.75,0.5718,110907.45,2.3862,110893.54,4667.0,1.853,0.1723,0.001151
1760220000000.0,177.39,3742.94,0.5747,111023.96,2.3963,111043.27,4686.0,1.875,0.1727,0.001157
1760223600000.0,177.62,3746.79,0.5751,110653.26,2.3819,110644.4,4693.0,1.868,0.174,0.00116
1760227200000.0,173.3,3701.01,0.5671,109614.52,2.3418,109641.54,4623.0,1.829,0.1709,0.001149
1760230800000.0,174.09,3719.24,0.5667,109948.17,2.3277,109978.56,4625.0,1.813,0.1708,0.001135
1760234400000.0,174.76,3734.06,0.5704,110103.45,2.3263,110119.02,4642.0,1.83,0.1708,0.001139
1760238000000.0,177.06,3781.61,0.5784,110630.71,2.3417,110676.0,4672.0,1.857,0.1718,0.001155
1760241600000.0,180.11,3801.9,0.5848,111446.46,2.3627,111524.87,4740.0,1.888,0.1728,0.001167
1760245200000.0,181.48,3806.33,0.5853,111681.15,2.3736,111700.38,4718.0,1.887,0.1726,0.001167
1760248800000.0,182.63,3832.84,0.5885,111644.95,2.3899,111686.01,4746.0,1.901,0.1728,0.001173
1760252400000.0,182.55,3827.99,0.5888,111507.29,2.3897,111525.2,4747.0,1.902,0.1739,0.001168
1760256000000.0,181.82,3823.17,0.5864,111318.73,2.383,111310.9,4719.0,1.883,0.1733,0.001161
1760259600000.0,182.04,3843.8,0.5886,111836.85,2.4014,111837.04,4730.0,1.888,0.1745,0.00117
1760263200000.0,180.75,3820.0,0.5854,111646.26,2.3882,111651.64,4719.0,1.886,0.1743,0.001163
1760266800000.0,180.96,3820.36,0.5879,111794.98,2.3975,111848.36,4723.0,1.908,0.1747,0.00117
1760270400000.0,181.7,3832.1,0.5883,111751.0,2.4067,111789.6,4728.0,1.902,0.1756,0.001174
1760274000000.0,179.18,3810.13,0.5805,111251.08,2.3757,111297.52,4690.0,1.874,0.1729,0.001163
1760277600000.0,186.29,3975.19,0.598,112343.72,2.4411,112338.1,4817.0,1.944,0.1769,0.0012
1760281200000.0,191.23,4034.59,0.6135,113107.62,2.4885,113198.2,4907.0,2.048,0.1829,0.001224
1760284800000.0,193.81,4106.27,0.6223,114023.53,2.5184,114069.35,4917.0,2.066,0.1852,0.001247
1760288400000.0,194.6,4127.85,0.6261,113775.02,2.5287,113799.99,4904.0,2.083,0.1867,0.001266
1760292000000.0,193.84,4109.5,0.6264,113871.3,2.513,113878.93,4878.0,2.065,0.1859,0.001262
1760295600000.0,195.85,4135.68,0.6327,114305.9,2.5473,114342.28,4933.0,2.112,0.1883,0.001285
1760299200000.0,196.8,4136.24,0.6368,114915.47,2.5585,114927.97,4913.0,2.111,0.1879,0.001285
1760302800000.0,195.64,4135.53,0.6346,114828.04,2.5448,114882.06,4889.0,2.092,0.1885,0.001281
1760306400000.0,197.43,4134.57,0.636,115201.29,2.5324,115221.4,4883.0,2.091,0.1879,0.001276
1760310000000.0,197.0,4152.29,0.6362,114976.19,2.5282,114958.8,4892.0,2.085,0.1872,0.001275
1760313600000.0,197.22,4139.8,0.632,115270.81,2.5286,115280.84,4853.0,2.056,0.1864,0.001264
1760317200000.0,199.42,4198.77,0.6399,115736.46,2.5494,115713.32,4889.0,2.079,0.1875,0.001275
1760320800000.0,196.46,4158.51,0.6356,115280.73,2.5586,115319.97,4870.0,2.065,0.1876,0.001274
1760324400000.0,194.81,4139.78,0.6319,114807.7,2.5508,114821.12,4837.0,2.045,0.1865,0.001261
1760328000000.0,196.2,4142.16,0.6335,114721.3,2.5769,114708.15,4858.0,2.046,0.1865,0.001262
1760331600000.0,194.06,4131.55,0.6329,114610.31,2.5494,114611.82,4834.0,2.039,0.1853,0.001253
1760335200000.0,197.1,4170.0,0.6371,115197.42,2.6052,115221.22,4890.0,2.072,0.1873,0.001265
1760338800000.0,196.81,4178.3,0.6393,115338.06,2.6213,115399.67,4898.0,2.071,0.1872,0.001263
1760342400000.0,198.25,4175.36,0.6437,115255.83,2.6338,115254.23,4913.0,2.094,0.1896,0.001274
1760346000000.0,196.98,4164.56,0.6436,115069.55,2.622,115127.04,5004.0,2.085,0.1904,0.001277
1760349600000.0,195.42,4151.75,0.6441,114819.6,2.6007,114810.62,4963.0,2.067,0.1895,0.001281
1760353200000.0,192.56,4080.39,0.6312,114194.1,2.5692,114180.0,4856.0,2.016,0.1871,0.001265
1760356800000.0,191.84,4097.12,0.6319,114358.63,2.5693,114412.26,4871.0,2.02,0.1877,0.001277
1760360400000.0,196.15,4164.66,0.6436,115304.9,2.6037,115345.79,4936.0,2.062,0.1913,0.0013
1760364000000.0,193.37,4095.45,0.6313,114008.14,2.5574,114036.63,4841.0,2.025,0.1878,0.001275
1760367600000.0,196.42,4135.0,0.6391,114327.78,2.5873,114312.1,4890.0,2.065,0.1916,0.001292
1760371200000.0,200.04,4165.01,0.6455,114656.7,2.5931,114669.24,4924.0,2.071,0.1933,0.001307
1760374800000.0,205.01,4234.62,0.6556,115120.76,2.6227,115040.55,4985.0,2.122,0.197,0.001331
1760378400000.0,205.95,4228.35,0.6536,115098.25,2.6111,115160.63,4969.0,2.127,0.1962,0.00134
1760382000000.0,207.1,4251.96,0.6557,115757.91,2.6247,115792.84,5008.0,2.157,0.1975,0.001346
1760385600000.0,208.55,4286.21,0.6568,115680.73,2.644,115713.37,5046.0,2.166,0.1984,0.001358
1760389200000.0,207.97,4258.29,0.6523,115668.31,2.6165,115700.0,5025.0,2.163,0.197,0.001353
1760392800000.0,208.4,4271.15,0.6539,115489.2,2.6088,115507.19,5027.0,2.176,0.1968,0.00135
1760396400000.0,208.69,4240.85,0.6517,115137.7,2.6052,115166.0,5040.0,2.17,0.1968,0.001343
1760400000000.0,209.31,4242.11,0.6442,114926.8,2.6073,114959.03,5027.0,2.15,0.1964,0.001341
1760403600000.0,208.41,4211.33,0.6438,114247.65,2.5872,114274.57,5003.0,2.134,0.1958,0.001338
1760407200000.0,206.3,4172.31,0.6377,113659.2,2.5735,113647.05,4945.0,2.097,0.195,0.001324
1760410800000.0,205.71,4153.56,0.6334,113485.06,2.5606,113500.0,4923.0,2.065,0.1931,0.001316
1760414400000.0,202.07,4100.09,0.6283,113061.3,2.5262,113062.09,4859.0,2.019,0.1906,0.001298
1760418000000.0,199.69,4069.99,0.6205,112438.1,2.5054,112493.11,4809.0,1.954,0.1881,0.001295
1760421600000.0,195.31,4003.38,0.6115,111982.54,2.4658,111987.38,4723.0,1.899,0.1843,0.001269
1760425200000.0,194.47,3981.19,0.6083,111705.05,2.4524,111724.41,4734.0,1.908,0.1843,0.001253
1760428800000.0,196.15,3996.3,0.6092,111793.62,2.4636,111803.33,4797.0,1.936,0.1844,0.001257
1760432400000.0,194.87,3985.27,0.6111,111351.41,2.4616,111287.89,4787.0,1.939,0.1855,0.001251
1760436000000.0,194.24,3942.37,0.6039,110637.32,2.4403,110623.58,4740.0,1.913,0.184,0.001237
1760439600000.0,195.32,3971.85,0.6137,111347.4,2.4517,111313.98,4793.0,1.933,0.1865,0.001253
1760443200000.0,193.34,3941.1,0.604,110730.02,2.4192,110803.28,4746.0,1.901,0.1841,0.001234
1760446800000.0,195.02,3956.03,0.6093,111022.0,2.4318,111014.38,4813.0,1.935,0.1853,0.001249
1760450400000.0,195.89,3970.14,0.6135,111392.39,2.4466,111435.21,4813.0,1.954,0.1872,0.001256
1760454000000.0,202.22,4085.4,0.6293,112842.52,2.4974,112900.43,4935.0,2.03,0.1921,0.001288
1760457600000.0,202.53,4096.23,0.628,112301.74,2.5032,112328.83,4892.0,2.032,0.1907,0.00128
1760461200000.0,201.76,4101.42,0.6308,112729.9,2.5054,112774.97,4909.0,2.039,0.1913,0.001286
1760464800000.0,201.55,4120.91,0.6312,112825.24,2.5025,112861.36,4918.0,2.035,0.1911,0.001293
1760468400000.0,198.54,4102.94,0.6262,112592.4,2.4837,112613.7,4921.0,1.995,0.1905,0.001287
1760472000000.0,200.6,4118.0,0.6283,112961.6,2.4905,112992.87,4936.0,2.005,0.1914,0.001292
1760475600000.0,201.23,4117.9,0.6291,113112.46,2.4953,113128.7,4914.0,2.013,0.1913,0.001297
1760479200000.0,201.44,4119.22,0.63,113188.27,2.498,113211.87,4910.0,2.002,0.1913,0.001291
1760482800000.0,202.44,4125.02,0.6316,113005.41,2.5033,113028.14,4926.0,2.008,0.1909,0.001297
1760486400000.0,203.98,4119.49,0.6301,112962.28,2.5052,112993.86,4915.0,2.006,0.1905,0.001292
1760490000000.0,203.69,4113.41,0.6301,112694.11,2.4997,112738.17,4906.0,1.984,0.1902,0.001287
1760493600000.0,203.4,4118.54,0.6315,112806.11,2.5114,112809.94,4916.0,1.989,0.1905,0.001285
1760497200000.0,201.65,4080.7,0.6267,112008.11,2.4881,112024.29,4904.0,1.969,0.1897,0.001281
1760500800000.0,203.46,4116.04,0.6314,112324.89,2.4986,112344.81,4921.0,1.978,0.1908,0.001293
1760504400000.0,204.43,4110.35,0.631,112418.8,2.4999,112431.95,4908.0,1.977,0.1909,0.001292
1760508000000.0,204.64,4118.52,0.6319,112469.3,2.5026,112460.47,4929.0,2.001,0.1927,0.001294
1760511600000.0,204.66,4122.04,0.6348,112543.1,2.507,112584.5,4971.0,2.012,0.1927,0.001299
1760515200000.0,206.14,4181.79,0.6371,112930.16,2.5185,112944.85,5007.0,2.018,0.1929,0.001305
1760518800000.0,205.99,4155.87,0.6328,112573.58,2.501,112564.01,4987.0,1.998,0.1918,0.001294
1760522400000.0,203.9,4118.66,0.6293,112218.3,2.4972,112266.71,4938.0,1.983,0.1913,0.001295
1760526000000.0,202.6,4099.9,0.6271,111844.01,2.4928,111905.73,4918.0,1.978,0.1906,0.001288
1760529600000.0,203.06,4094.8,0.6222,111736.69,2.5019,111711.25,4888.0,1.966,0.1886,0.001272
1760533200000.0,201.16,4055.23,0.6205,111418.44,2.484,111389.0,4866.0,1.949,0.1875,0.001267
1760536800000.0,199.5,4009.87,0.6148,111069.3,2.465,111059.76,4843.0,1.922,0.1858,0.001258
1760540400000.0,197.13,3980.97,0.6094,110794.68,2.4333,110798.01,4807.0,1.909,0.1834,0.001247
1760544000000.0,197.38,3976.07,0.6093,110733.37,2.4323,110748.0,4826.0,1.914,0.1827,0.001245
1760547600000.0,198.15,3993.0,0.6114,111159.02,2.434,111186.78,4848.0,1.929,0.1821,0.001248
1760551200000.0,198.04,4007.81,0.6139,111462.44,2.4412,111444.76,4858.0,1.94,0.1844,0.001255
1760554800000.0,194.81,3983.21,0.6085,111253.21,2.4053,111271.73,4819.0,1.911,0.182,0.001242
1760558400000.0,194.2,3961.52,0.6069,111065.41,2.3977,111109.76,4788.0,1.894,0.1808,0.001234
1760562000000.0,192.88,3954.17,0.6037,110805.46,2.3977,110854.19,4769.0,1.877,0.1803,0.001234
1760565600000.0,193.33,3961.65,0.6066,110662.74,2.4043,110667.97,4773.0,1.858,0.1811,0.001236
1760569200000.0,193.84,3985.61,0.6102,110721.7,2.4109,110763.28,4809.0,1.871,0.1821,0.001243
1760572800000.0,193.92,3981.89,0.6073,110429.95,2.4067,110431.27,4795.0,1.863,0.181,0.001235
1760576400000.0,195.12,4010.22,0.6141,111285.11,2.4242,111299.99,4830.0,1.887,0.183,0.001249
1760580000000.0,195.49,4031.33,0.614,111485.61,2.4272,111510.43,4847.0,1.891,0.1841,0.001253
1760583600000.0,193.63,4014.85,0.6115,111313.42,2.4182,111329.48,4801.0,1.892,0.1839,0.001246
1760587200000.0,192.45,3999.01,0.6101,110967.5,2.4112,110966.03,4783.0,1.898,0.1838,0.001247
1760590800000.0,192.46,3996.5,0.6117,110917.01,2.4062,110951.14,4800.0,1.929,0.1836,0.001246
1760594400000.0,195.2,4042.08,0.62,111640.6,2.4278,111666.83,4845.0,1.946,0.1857,0.001263
1760598000000.0,192.93,4004.3,0.6153,110611.35,2.4104,110584.2,4818.0,1.925,0.184,0.001252
1760601600000.0,192.45,3994.77,0.6098,110807.1,2.3945,110817.5,4781.0,1.901,0.1821,0.001241
1760605200000.0,193.89,4030.13,0.6143,111132.08,2.423,111146.31,4822.0,1.919,0.1845,0.001259
1760608800000.0,195.75,4049.09,0.6184,111441.74,2.4495,111469.63,4843.0,1.931,0.185,0.001262
1760612400000.0,196.81,4061.85,0.6194,111401.99,2.4524,111404.72,4834.0,1.938,0.1851,0.00126
1760616000000.0,197.02,4054.63,0.6185,111565.37,2.4535,111519.07,4831.0,1.949,0.1859,0.001271
1760619600000.0,195.78,4021.3,0.6152,111040.78,2.4382,110860.0,4798.0,1.936,0.1845,0.00126
1760623200000.0,194.02,4015.52,0.612,110497.71,2.4054,110529.34,4792.0,1.904,0.1831,0.001247
1760626800000.0,187.61,3907.18,0.5921,108622.73,2.3554,108549.21,4674.0,1.816,0.1768,0.001211
1760630400000.0,192.27,3964.41,0.6051,109234.19,2.3986,109232.43,4784.0,1.875,0.1804,0.001246
1760634000000.0,189.62,3921.37,0.5982,108286.4,2.367,108276.7,4742.0,1.841,0.1774,0.001228
1760637600000.0,189.33,3904.89,0.5946,108627.0,2.3516,108656.19,4724.0,1.832,0.1771,0.001224
1760641200000.0,185.04,3867.01,0.5876,108166.2,2.3271,108197.66,4667.0,1.795,0.1745,0.001206
1760644800000.0,182.83,3850.99,0.583,107824.38,2.2944,107838.01,4637.0,1.769,0.1724,0.001194
1760648400000.0,185.64,3883.82,0.5887,108454.8,2.322,108443.7,4675.0,1.812,0.1755,0.001207
1760652000000.0,183.14,3865.45,0.5866,107785.91,2.3007,107798.85,4626.0,1.771,0.1741,0.001196
1760655600000.0,184.85,3894.51,0.5904,108189.84,2.328,108194.28,4661.0,1.793,0.1756,0.001205
1760659200000.0,186.3,3927.99,0.596,108768.52,2.3388,108800.0,4687.0,1.803,0.1773,0.001208
1760662800000.0,185.66,3920.21,0.595,108831.52,2.3563,108839.84,4671.0,1.805,0.1761,0.001209
1760666400000.0,186.76,3922.3,0.599,108964.87,2.3577,108972.97,4689.0,1.813,0.177,0.00121
1760670000000.0,187.09,3933.25,0.5995,109128.8,2.3584,109176.74,4705.0,1.819,0.1778,0.001211
1760673600000.0,187.06,3912.83,0.5966,108789.84,2.3478,108787.26,4689.0,1.809,0.1782,0.001205
1760677200000.0,185.69,3895.66,0.5933,108397.91,2.3324,108381.76,4666.0,1.792,0.1769,0.001196
1760680800000.0,180.38,3819.71,0.5762,106796.45,2.2935,106741.28,4562.0,1.713,0.1709,0.001148
1760684400000.0,177.75,3756.49,0.5645,105662.32,2.2391,105633.75,4500.0,1.659,0.1668,0.001127
1760688000000.0,175.55,3708.8,0.5598,104905.09,2.2157,104884.38,4483.0,1.635,0.1656,0.001123
1760691600000.0,176.79,3724.36,0.5678,104541.21,2.226,104531.35,4568.0,1.655,0.1684,0.001139
1760695200000.0,177.4,3725.36,0.563,104723.81,2.2266,104751.99,4546.0,1.65,0.1685,0.001133
1760698800000.0,181.45,3778.54,0.5755,105641.9,2.2831,105683.72,4594.0,1.704,0.1718,0.001155
1760702400000.0,180.04,3775.44,0.574,105379.16,2.279,105350.4,4568.0,1.695,0.1705,0.001147
1760706000000.0,180.65,3789.57,0.5751,105818.96,2.2848,105835.63,4592.0,1.709,0.1712,0.001155
1760709600000.0,178.39,3750.31,0.5694,105203.18,2.2607,105163.42,4545.0,1.68,0.1693,0.001143
1760713200000.0,182.72,3797.75,0.5768,106749.68,2.3008,106803.53,4644.0,1.713,0.1719,0.001163
1760716800000.0,182.34,3787.94,0.5737,106371.5,2.2922,106372.34,4653.0,1.717,0.1714,0.00116
1760720400000.0,183.75,3817.61,0.5762,106478.65,2.2928,106453.27,4668.0,1.732,0.1725,0.001165
1760724000000.0,183.45,3835.69,0.5772,106684.85,2.3044,106647.11,4659.0,1.734,0.1722,0.001166
1760727600000.0,181.98,3827.76,0.5756,106523.0,2.297,106454.72,4653.0,1.724,0.1716,0.001165
1760731200000.0,183.68,3858.95,0.5808,106983.78,2.311,107021.37,4704.0,1.743,0.1748,0.001175
1760734800000.0,185.4,3876.73,0.5829,107317.9,2.3348,107301.4,4699.0,1.757,0.1758,0.001181
1760738400000.0,183.96,3854.43,0.5814,106968.19,2.3176,107000.1,4669.0,1.743,0.1748,0.00118
1760742000000.0,181.96,3831.57,0.5781,106441.9,2.2936,106431.68,4656.0,1.727,0.1749,0.001173
1760745600000.0,182.87,3840.25,0.5769,106809.71,2.3097,106845.52,4687.0,1.735,0.1742,0.001175
1760749200000.0,184.63,3868.36,0.5831,107160.1,2.3343,107149.3,4735.0,1.754,0.1758,0.001184
1760752800000.0,183.72,3851.24,0.5793,106588.58,2.3227,106597.98,4701.0,1.753,0.1753,0.001174
1760756400000.0,184.8,3870.57,0.5853,107062.34,2.3389,107070.4,4708.0,1.758,0.1772,0.001185
1760760000000.0,183.44,3844.44,0.5783,106466.79,2.3188,106478.71,4675.0,1.738,0.1762,0.001175
1760763600000.0,184.53,3867.35,0.5813,106846.78,2.3328,106812.52,4706.0,1.755,0.1767,0.001181
1760767200000.0,186.34,3872.67,0.5822,106962.2,2.3506,106839.96,4701.0,1.776,0.1771,0.001185
1760770800000.0,186.27,3892.43,0.5826,106796.0,2.3539,106665.0,4697.0,1.786,0.1767,0.001184
1760774400000.0,185.92,3876.68,0.5815,106809.97,2.3483,106719.2,4689.0,1.775,0.1758,0.001184
1760778000000.0,185.94,3878.14,0.5844,106888.15,2.3576,106884.41,4735.0,1.784,0.1779,0.001191
1760781600000.0,185.18,3876.36,0.5844,106883.01,2.3606,106924.47,4721.0,1.793,0.1773,0.001189
1760785200000.0,186.1,3881.99,0.5856,107227.2,2.3789,107208.6,4746.0,1.789,0.1773,0.001192
1760788800000.0,186.08,3883.18,0.5862,107068.13,2.3754,107065.17,4730.0,1.786,0.1769,0.001191
1760792400000.0,185.2,3865.61,0.5815,106864.01,2.363,106888.78,4700.0,1.762,0.1754,0.001176
1760796000000.0,185.75,3873.77,0.5823,107055.27,2.3612,107028.36,4717.0,1.768,0.1756,0.001182
1760799600000.0,185.03,3877.89,0.5803,106951.7,2.3488,106948.75,4708.0,1.761,0.1754,0.001175
1760803200000.0,184.23,3865.53,0.577,106687.04,2.3456,106664.01,4702.0,1.749,0.175,0.001173
1760806800000.0,185.93,3893.43,0.5853,106908.15,2.3683,106880.03,4748.0,1.772,0.1764,0.001187
1760810400000.0,185.83,3888.12,0.5855,106817.72,2.362,106843.75,4729.0,1.766,0.1768,0.001183
1760814000000.0,186.34,3893.64,0.5875,107094.7,2.3669,107080.14,4738.0,1.772,0.1769,0.001188
1760817600000.0,186.59,3885.71,0.5877,107000.17,2.359,107018.51,4744.0,1.78,0.1767,0.001186
1760821200000.0,187.15,3891.92,0.5881,107171.83,2.3637,107177.05,4750.0,1.785,0.1775,0.001189
1760824800000.0,187.27,3886.14,0.5861,107126.1,2.3615,107125.87,4754.0,1.779,0.1773,0.001188
1760828400000.0,187.56,3889.21,0.5852,107162.9,2.3596,107185.01,4752.0,1.779,0.1773,0.001187
1760832000000.0,185.75,3869.17,0.5814,106882.71,2.3455,106898.03,4719.0,1.764,0.1753,0.00118
1760835600000.0,185.86,3874.0,0.5825,106954.34,2.3494,106973.26,4731.0,1.769,0.1764,0.001186
1760839200000.0,185.77,3872.95,0.5806,106844.8,2.343,106847.02,4734.0,1.764,0.1759,0.001184
1760842800000.0,187.04,3906.29,0.5872,107255.03,2.3687,107275.78,4756.0,1.783,0.1766,0.001196
1760846400000.0,186.83,3903.27,0.584,107026.92,2.3574,107046.9,4725.0,1.771,0.1763,0.001192
1760850000000.0,186.56,3897.21,0.5813,106856.16,2.3528,106888.59,4728.0,1.771,0.1757,0.001186
1760853600000.0,185.57,3881.48,0.5802,106779.51,2.3497,106777.75,4729.0,1.77,0.1747,0.001181
1760857200000.0,185.9,3888.01,0.5829,106780.01,2.3484,106786.0,4746.0,1.778,0.1751,0.001186
1760860800000.0,184.17,3863.3,0.5809,106471.66,2.3325,106443.95,4722.0,1.762,0.1741,0.001181
1760864400000.0,187.2,3912.81,0.5896,107355.4,2.3627,107401.47,4772.0,1.794,0.1771,0.001197
1760868000000.0,189.07,3930.92,0.5947,107838.76,2.3854,107882.71,4821.0,1.833,0.1784,0.00121
1760871600000.0,188.99,3923.82,0.5949,107784.79,2.3751,107783.47,4835.0,1.868,0.1782,0.001211
1760875200000.0,188.89,3923.13,0.5925,107581.95,2.372,107631.43,4812.0,1.844,0.1781,0.001211
1760878800000.0,190.6,3972.23,0.6022,108058.43,2.4029,108096.34,4874.0,1.876,0.1803,0.00123
1760882400000.0,191.55,3989.31,0.6022,108423.07,2.4128,108405.47,4886.0,1.893,0.1803,0.001232
1760886000000.0,190.78,3978.65,0.5998,108477.55,2.4008,108486.7,4860.0,1.883,0.1799,0.001227
1760889600000.0,190.87,3981.01,0.5998,108555.15,2.3999,108624.19,4870.0,1.889,0.1797,0.001224
1760893200000.0,190.03,3993.66,0.6015,109094.02,2.3966,109113.52,4867.0,1.87,0.1796,0.001228
1760896800000.0,189.94,4001.51,0.603,109377.83,2.409,109383.01,4889.0,1.885,0.1794,0.00123
1760900400000.0,188.88,3985.75,0.601,108946.91,2.3991,108908.43,4883.0,1.868,0.1796,0.001229
1760904000000.0,189.67,4001.13,0.6032,108935.25,2.4059,108845.06,4903.0,1.88,0.1798,0.001241
1760907600000.0,189.29,3997.5,0.5994,108774.34,2.3965,108744.82,4875.0,1.873,0.1792,0.001242
1760911200000.0,189.83,4020.76,0.6029,109182.28,2.4023,109146.8,4870.0,1.883,0.1798,0.001251
1760914800000.0,187.86,3982.58,0.5976,108716.9,2.3908,108642.78,4827.0,1.858,0.179,0.00125
1760918400000.0,185.62,3941.76,0.5918,108098.03,2.38,108047.46,4798.0,1.839,0.1776,0.001245
1760922000000.0,185.65,3938.21,0.5912,108122.81,2.3722,108053.58,4800.0,1.836,0.1774,0.001235
1760925600000.0,186.89,3956.54,0.5941,108820.7,2.3862,108767.02,4814.0,1.876,0.1782,0.001236
1760929200000.0,191.21,4026.9,0.6088,110164.19,2.4338,110145.44,4932.0,1.927,0.1817,0.001261
1760932800000.0,192.17,4054.4,0.6054,110448.53,2.4466,110422.1,4910.0,1.922,0.1818,0.001256
1760936400000.0,193.01,4061.11,0.6085,111001.14,2.4565,111033.79,4899.0,1.94,0.1827,0.001261
1760940000000.0,193.94,4075.0,0.6144,111297.5,2.4686,111298.55,4921.0,1.943,0.1836,0.00127
1760943600000.0,193.02,4055.03,0.618,111179.6,2.4704,111169.92,4901.0,1.928,0.1832,0.001267
1760947200000.0,193.0,4045.42,0.613,111091.11,2.4721,111097.15,4906.0,1.927,0.1825,0.00126
1760950800000.0,193.2,4044.89,0.6133,110945.92,2.4734,110964.13,4895.0,1.926,0.1826,0.001265
1760954400000.0,191.62,4026.21,0.6128,110734.48,2.4659,110731.78,4884.0,1.906,0.1818,0.001263
1760958000000.0,192.2,4035.02,0.6145,110987.73,2.4575,111016.75,4897.0,1.911,0.1824,0.001267
1760961600000.0,192.09,4030.69,0.6179,111047.66,2.4492,111044.29,4889.0,1.912,0.1826,0.001265
